"Protokol_id";"Zakaznik_id";"Technik_id";"Zariadenie_id";"Praca_id";"Datum_prijatia";"Datum_odovzdania";"Stav_zariadenia";"Popis_prijmu";"Popis_vystupu";"Cena";"pouzite_diely_id"
"1200";"2001";"3001";"ip15";"9060";"2025-01-03";"2025-01-05";"používaný, poškodený displej";"Rozbitý displej, výmena požadovaná.";"Vymenený displej, test bez závad.";"279.86";"7000"
"1201";"2002";"3001";"ip14";"9061";"2025-01-09";"2025-01-10";"slabá výdrž";"Výmena batérie požadovaná.";"Nová batéria + lepka, test nabíjania OK.";"97.86";"7001"
"1202";"2003";"3002";"sg23";"9062";"2025-01-15";"2025-01-17";"nenabíja";"Chybný modul PCB.";"PCB vymenený, test OK.";"104.86";"7002"
"1203";"2004";"3002";"ip13pm";"9063";"2025-01-21";"2025-01-22";"rozbitý displej";"Výmena displeja.";"Vymenený displej + lepka.";"279.86";"7003"
"1204";"2005";"3003";"mba13m2";"9064";"2025-01-27";"2025-01-29";"slabá výdrž";"Výmena batérie.";"Vymenená batéria, test cyklov OK.";"251.86";"7004"
"1205";"2006";"3001";"ip14pr";"9065";"2025-02-03";"2025-02-05";"prasknutý displej";"Žiadosť o výmenu displeja.";"Vymenený displej, test OK.";"279.86";"7005"
"1206";"2007";"3001";"ip15p";"9066";"2025-02-09";"2025-02-10";"slabá výdrž";"Výmena batérie.";"Nová batéria, test nabíjania OK.";"97.86";"7006"
"1207";"2008";"3002";"sg23p";"9067";"2025-02-15";"2025-02-17";"prasknutý panel";"Výmena displeja.";"Vymenený displej, test obrazu OK.";"265.86";"7007"
"1208";"2009";"3002";"ip21";"9068";"2025-02-21";"2025-02-22";"dotyk nereaguje";"Výmena LCD.";"Vymenený LCD + lepka.";"363.86";"7008"
"1209";"2010";"3003";"mbp14";"9069";"2025-02-27";"2025-02-28";"hlučný ventilátor";"Prepastovanie.";"Chladenie vyčistené, teploty OK.";"125.86";"7009"
"1210";"2011";"3001";"ip14pm";"9070";"2025-03-03";"2025-03-05";"rozbitý displej";"Výmena displeja.";"Vymenený displej, test OK.";"293.86";"7010"
"1211";"2012";"3001";"ip13";"9071";"2025-03-09";"2025-03-10";"výdrž zlá";"Výmena batérie.";"Nová batéria + lepka.";"97.86";"7011"
"1212";"2013";"3002";"ip15p";"9072";"2025-03-15";"2025-03-17";"pruhy v obraze";"Výmena displeja.";"Displej + lepenie, test OK.";"279.86";"7012"
"1213";"2014";"3002";"sg22";"9073";"2025-03-21";"2025-03-22";"rozbitý panel";"Výmena displeja.";"Displej + lepka, test OK.";"251.86";"7013"
"1214";"2015";"3002";"ipmn6";"9074";"2025-03-27";"2025-03-29";"nereaguje dotyk";"Výmena LCD.";"Vymenený LCD + lepenie.";"363.86";"7014"
"1215";"2016";"3001";"ip13pr";"9075";"2025-04-03";"2025-04-05";"rozbitý displej";"Výmena displeja.";"Nový displej, test OK.";"279.86";"7015"
"1216";"2017";"3001";"ip14p";"9076";"2025-04-09";"2025-04-10";"zlá výdrž";"Výmena batérie.";"Batéria vymenená, test OK.";"97.86";"7016"
"1217";"2018";"3002";"sg22u";"9077";"2025-04-15";"2025-04-17";"nenabíja";"Výmena PCB.";"PCB vymenené, port OK.";"104.86";"7017"
"1218";"2019";"3002";"ip22";"9078";"2025-04-21";"2025-04-22";"rozbitý displej";"Výmena LCD.";"Vymenený LCD + lepenie.";"363.86";"7018"
"1219";"2020";"3003";"mbp14";"9079";"2025-04-27";"2025-04-29";"výdrž nízka";"Výmena batérie.";"Batéria + lepka, test OK.";"251.86";"7019"
"1220";"2021";"3001";"ip15p";"9080";"2025-05-03";"2025-05-05";"rozbitý displej";"Výmena displeja.";"Nový displej, test OK.";"279.86";"7020"
"1221";"2022";"3001";"ip15";"9081";"2025-05-09";"2025-05-10";"slabá výdrž";"Výmena batérie.";"Batéria + lepka.";"97.86";"7021"
"1222";"2023";"3002";"sg23p";"9082";"2025-05-15";"2025-05-17";"výdrž nízka";"Výmena batérie.";"Batéria vymenená.";"83.86";"7022"
"1223";"2024";"3002";"ip13pm";"9083";"2025-05-21";"2025-05-22";"kapacita slabá";"Výmena batérie.";"Batéria vymenená.";"97.86";"7023"
"1224";"2025";"3003";"mbp16";"9084";"2025-05-27";"2025-05-29";"nízka výdrž";"Výmena batérie.";"Batéria nová, test cyklov OK.";"251.86";"7024"
"1225";"2026";"3001";"ip14";"9085";"2025-06-03";"2025-06-05";"poškodený panel";"Výmena displeja.";"Displej + lepka, test OK.";"279.86";"7025"
"1226";"2027";"3001";"ip13";"9086";"2025-06-09";"2025-06-10";"rozbitý displej";"Výmena displeja.";"Nový displej, test OK.";"251.86";"7026"
"1227";"2028";"3002";"sg23";"9087";"2025-06-15";"2025-06-17";"slabá výdrž";"Výmena batérie.";"Batéria + lepka.";"83.86";"7027"
"1228";"2029";"3002";"sg22";"9088";"2025-06-21";"2025-06-22";"nenabíja";"Výmena PCB.";"PCB vymenený, test OK.";"104.86";"7028"
"1229";"2030";"3003";"astuf";"9089";"2025-06-27";"2025-06-29";"prehrievanie";"Prepastovanie.";"Chladenie vyčistené.";"125.86";"7029"
"1230";"2031";"3001";"ip15";"9090";"2025-07-03";"2025-07-05";"rozbitý displej";"Výmena displeja.";"Displej vymenený.";"279.86";"7030"
"1231";"2032";"3001";"ip15p";"9091";"2025-07-09";"2025-07-10";"zlá výdrž";"Výmena batérie.";"Batéria vymenená.";"97.86";"7031"
"1232";"2033";"3002";"ip14pr";"9092";"2025-07-15";"2025-07-17";"prasknutý panel";"Výmena displeja.";"Displej vymenený.";"279.86";"7032"
"1233";"2034";"3002";"sg23p";"9093";"2025-07-21";"2025-07-22";"rozbitý panel";"Výmena displeja.";"Displej vymenený.";"265.86";"7033"
"1234";"2035";"3002";"ip21";"9094";"2025-07-27";"2025-07-29";"batéria slabá";"Výmena batérie.";"Batéria vymenená.";"111.86";"7034"
"1235";"2036";"3001";"ip14pm";"9095";"2025-08-03";"2025-08-05";"prasknutý panel";"Výmena displeja.";"Displej vymenený.";"279.86";"7035"
"1236";"2037";"3001";"ip13";"9096";"2025-08-09";"2025-08-10";"výdrž zlá";"Výmena batérie.";"Batéria + lepka.";"97.86";"7036"
"1237";"2038";"3002";"sg23u";"9097";"2025-08-15";"2025-08-17";"nenabíja";"Výmena PCB.";"PCB vymenený.";"104.86";"7037"
"1238";"2039";"3002";"ip15p";"9098";"2025-08-21";"2025-08-22";"výdrž slabá";"Výmena batérie.";"Batéria vymenená.";"97.86";"7038"
"1239";"2040";"3003";"mba13m2";"9099";"2025-08-27";"2025-08-29";"slabá výdrž";"Výmena batérie.";"Batéria nová.";"251.86";"7039"
"1240";"2041";"3001";"ip13pr";"9100";"2025-09-03";"2025-09-05";"prasknutý panel";"Výmena displeja.";"Displej + lepka.";"279.86";"7040"
"1241";"2042";"3001";"ip15";"9101";"2025-09-09";"2025-09-10";"zlá výdrž";"Výmena batérie.";"Batéria + lepka.";"97.86";"7041"
"1242";"2043";"3002";"sg22p";"9102";"2025-09-15";"2025-09-17";"prasknutý displej";"Výmena displeja.";"Displej vymenený.";"251.86";"7042"
"1243";"2044";"3002";"ipmn6";"9103";"2025-09-21";"2025-09-22";"poškodený LCD";"Výmena displeja.";"LCD vymenený, test dotyku/obrazu OK.";"363.86";"7043"
"1244";"2045";"3003";"astuf";"9104";"2025-09-27";"2025-09-29";"zvýšené teploty";"Požiadavka na prepastovanie.";"Chladenie vyčistené, teplovodivá pasta nanesená.";"125.86";"7044"
"1245";"2046";"3001";"ip14";"9105";"2025-10-03";"2025-10-05";"prasknutý displej";"Výmena displeja.";"Displej + lepka, test OK.";"279.86";"7045"
"1246";"2047";"3001";"ip13";"9106";"2025-10-09";"2025-10-10";"slabá výdrž batérie";"Výmena batérie.";"Batéria vymenená, test nabíjania OK.";"97.86";"7046"
"1247";"2048";"3002";"ip15p";"9107";"2025-10-15";"2025-10-17";"rozbitý displej";"Zákazník žiada výmenu displeja.";"Displej vymenený + lepenie, test OK.";"279.86";"7047"
"1248";"2049";"3002";"sg23u";"9108";"2025-10-21";"2025-10-22";"nenabíja";"Výmena nabíjacieho modulu/PCB.";"PCB vymenené, port OK.";"104.86";"7048"
"1249";"2050";"3003";"mbp16";"9109";"2025-10-27";"2025-10-29";"nízka výdrž";"Výmena batérie.";"Batéria nová, test cyklov OK.";"251.86";"7049"
"1250";"2051";"3001";"ip15";"9110";"2025-11-03";"2025-11-05";"rozbitý displej";"Výmena displeja.";"Vymenený displej, test bez závad.";"279.86";"7050"
"1251";"2052";"3001";"ip15p";"9111";"2025-11-09";"2025-11-10";"slabá výdrž";"Výmena batérie.";"Nová batéria + lepka.";"97.86";"7051"
"1252";"2053";"3002";"sg23";"9112";"2025-11-15";"2025-11-17";"rozbitý panel";"Výmena displeja.";"Vymenený displej, test OK.";"265.86";"7052"
"1253";"2001";"3002";"ip21";"9113";"2025-11-21";"2025-11-22";"nereaguje dotyk";"Výmena LCD.";"Vymenený LCD + lepenie.";"363.86";"7053"
"1254";"2002";"3003";"mbp14";"9114";"2025-11-27";"2025-11-29";"poškodený panel";"Výmena displeja.";"Displej vymenený, test napájania OK.";"489.86";"7054"
"1255";"2003";"3001";"ip14pr";"9115";"2025-12-03";"2025-12-05";"rozbitý displej";"Žiadosť o výmenu displeja.";"Vymenený displej, test OK.";"279.86";"7055"
"1256";"2004";"3001";"ip13";"9116";"2025-12-09";"2025-12-10";"slabá výdrž";"Výmena batérie.";"Batéria vymenená, test nabíjania OK.";"97.86";"7056"
"1257";"2005";"3002";"ip15pm";"9117";"2025-12-15";"2025-12-17";"rozbitý displej";"Výmena displeja.";"Displej vymenený, tesnenia OK.";"307.86";"7057"
"1258";"2006";"3002";"sg22u";"9118";"2025-12-21";"2025-12-22";"nenabíja";"Výmena PCB.";"PCB vymenené, test OK.";"104.86";"7058"
"1259";"2007";"3002";"ip22";"9119";"2025-12-27";"2025-12-29";"rýchle vybíjanie";"Výmena batérie.";"Batéria + lepka, test v poriadku.";"111.86";"7059"
"1300";"2004";"3001";"ip13";"9000";"2024-01-03";"2024-01-05";"používaný, prasknutý displej po páde";"Zákazník žiada výmenu displeja na iPhone 13.";"Vymenený displej + lepka, výstupný test obrazu a dotyku bez závad.";"251.86";"8000"
"1301";"2005";"3001";"ip13";"9001";"2024-01-09";"2024-01-10";"slabá výdrž batérie, telefón sa vypína pri 20 %";"Výmena batérie za novú originálnu.";"Vymenená batéria, lepenie obnovené, kalibračný cyklus v poriadku.";"83.86";"8001"
"1302";"2006";"3002";"sg22";"9002";"2024-01-14";"2024-01-16";"po páde prasknutý displej, čierne fľaky v obraze";"Zákazník súhlasí s výmenou LCD modulu.";"Vymenený LCD Service Pack + lepka, test bez závad.";"237.86";"8002"
"1303";"2007";"3002";"ip14";"9003";"2024-01-20";"2024-01-22";"rozbitý displej, nefunkčný dotyk v hornej časti";"Výmena displeja v aftermarket kvalite.";"Vymenený displej + lepenie, dotyk aj obraz v poriadku.";"265.86";"8003"
"1304";"2008";"3003";"ipd20";"9004";"2024-01-27";"2024-01-29";"tablet s rozbitým sklom a nefunkčným dotykom";"Výmena komplet LCD + dotyk na iPad 2020.";"Vymenený LCD modul + nová lepka, test OK.";"209.86";"8004"
"1305";"2009";"3001";"ip13pr";"9005";"2024-02-03";"2024-02-05";"prasknutý displej po páde z výšky";"Zákazník požaduje výmenu displeja.";"Displej vymenený, tesnenia obnovené, test bez závad.";"265.86";"8005"
"1306";"2010";"3001";"ip14p";"9006";"2024-02-09";"2024-02-10";"výdrž batérie výrazne znížená, mobil sa vypína";"Výmena batérie za novú originálnu.";"Batéria vymenená, nalepená nová lepka, test nabíjania v poriadku.";"83.86";"8006"
"1307";"2011";"3002";"sg22p";"9007";"2024-02-14";"2024-02-16";"poškodený displej, obraz s pruhmi";"Schválená výmena displeja.";"Vymenený displej Service Pack + lepka, test OK.";"251.86";"8007"
"1308";"2012";"3002";"sg22";"9008";"2024-02-20";"2024-02-21";"telefon nenabíja, port má vôľu";"Diagnostika ukázala chybný nabíjací modul/PCB.";"Vymenený PCB modul, vyčistené okolie, nabíjanie funkčné.";"97.86";"8008"
"1309";"2013";"3003";"mba13m2";"9009";"2024-02-26";"2024-02-28";"MacBook Air s nízkou výdržou batérie";"Zákazník požaduje výmenu batérie.";"Vymenená batéria + lepka, test cyklov a nabíjania v poriadku.";"237.86";"8009"
"1310";"2014";"3001";"ip13pm";"9010";"2024-03-04";"2024-03-06";"silne prasknutý displej, nefunkčný dotyk";"Výmena displeja iPhone 13 Pro Max.";"Vymenený displej + lepenie, test jasu a farieb OK.";"279.86";"8010"
"1311";"2015";"3001";"ip13";"9011";"2024-03-09";"2024-03-10";"výrazne znížená kapacita batérie";"Výmena batérie za originálnu.";"Batéria vymenená, lepka obnovená, kalibrácia OK.";"83.86";"8011"
"1312";"2016";"3002";"sg22u";"9012";"2024-03-14";"2024-03-16";"rozbitý displej, nečitateľný obraz";"Schválená výmena LCD Service Pack.";"Vymenený displej + lepka, dotyk/jas OK.";"265.86";"8012"
"1313";"2017";"3002";"ipd21";"9013";"2024-03-21";"2024-03-23";"prasknutý panel tabletu, nefunkčný dotyk";"Výmena komplet LCD na iPad 2021.";"LCD modul vymenený, nalepená nová lepka, test OK.";"223.86";"8013"
"1314";"2018";"3003";"astuf";"9014";"2024-03-27";"2024-03-29";"herný notebook sa prehrieva a hučí ventilátor";"Zákazník žiada prepastovanie a čistenie.";"Prepastované, vyčistené chladenie, teploty po teste nižšie.";"111.86";"8014"
"1315";"2019";"3001";"ip14";"9015";"2024-04-03";"2024-04-05";"prasknutý displej v rohu, škvrny v obraze";"Výmena displeja na iPhone 14.";"Vymenený displej + lepka, výstupný test bez závad.";"265.86";"8015"
"1316";"2020";"3001";"ip14pr";"9016";"2024-04-09";"2024-04-11";"po páde nefunguje dotyk, prasknuté sklo";"Zákazník súhlasí s výmenou displeja.";"Vymenený displej, tesnenia obnovené, test OK.";"279.86";"8016"
"1317";"2021";"3002";"sg22";"9017";"2024-04-15";"2024-04-17";"pruhy v obraze po náraze";"Výmena displeja za originálny Service Pack.";"Nový displej + lepka, obraz bez chýb.";"237.86";"8017"
"1318";"2022";"3002";"ipd22";"9018";"2024-04-21";"2024-04-23";"prasknutý displej iPad 2022";"Výmena komplet LCD/dotyk.";"Vymenený LCD modul, nalepená nová lepka, test OK.";"237.86";"8018"
"1319";"2023";"3003";"mbp14";"9019";"2024-04-27";"2024-04-29";"MacBook Pro s nízkou výdržou batérie";"Výmena batérie za novú originálnu.";"Batéria vymenená, lepka obnovená, test cyklov v norme.";"251.86";"8019"
"1320";"2024";"3001";"ip13";"9020";"2024-05-03";"2024-05-05";"prasknuté sklo, dotyk (zatiaľ) funguje";"Zákazník súhlasí s výmenou displeja.";"Vymenený displej + lepka, test dotyku/obrazu v poriadku.";"251.86";"8020"
"1321";"2025";"3001";"ip13pm";"9021";"2024-05-09";"2024-05-10";"slabá výdrž, batéria na 75 % health";"Výmena batérie iPhone 13 Pro Max.";"Vymenená batéria + lepka, kalibrácia OK.";"83.86";"8021"
"1322";"2026";"3002";"sg22p";"9022";"2024-05-14";"2024-05-16";"rýchle vybíjanie, mobil sa vypína pri 15 %";"Výmena batérie za originál.";"Batéria vymenená, nalepená nová lepka, test OK.";"83.86";"8022"
"1323";"2027";"3002";"sg23";"9023";"2024-05-21";"2024-05-23";"prasknutý displej po páde na zem";"Výmena LCD Service Pack.";"Vymenený displej + lepenie, test bez závad.";"251.86";"8023"
"1324";"2028";"3002";"ipmn6";"9024";"2024-05-27";"2024-05-29";"tablet s rozbitým sklom, nefunkčný dotyk";"Výmena komplet LCD iPad mini 6.";"LCD vymenený + lepka, test dotyku/obrazu OK.";"265.86";"8024"
"1325";"2029";"3001";"ip13pr";"9025";"2024-06-03";"2024-06-05";"prasknutý displej po páde z vrecka";"Výmena displeja na iPhone 13 Pro.";"Displej vymenený, tesnenia obnovené, test OK.";"265.86";"8025"
"1326";"2030";"3001";"ip13";"9026";"2024-06-09";"2024-06-10";"rýchle vybíjanie, batéria staršia ako 3 roky";"Výmena batérie.";"Batéria vymenená, kalibračný cyklus OK.";"83.86";"8026"
"1327";"2031";"3002";"sg23p";"9027";"2024-06-14";"2024-06-16";"prasknutý displej, nefunguje dotyk v strede";"Výmena displeja za originálny.";"Vymenený displej + lepka, test dotyku OK.";"265.86";"8027"
"1328";"2032";"3002";"sg23";"9028";"2024-06-20";"2024-06-21";"nenabíja, port je uvoľnený";"Výmena nabíjacieho PCB modulu.";"PCB vymenený, port vyčistený, nabíjanie funkčné.";"97.86";"8028"
"1329";"2033";"3003";"ipd21";"9029";"2024-06-27";"2024-06-29";"tablet s nízkou výdržou batérie";"Výmena batérie na iPad 2021.";"Batéria a lepka vymenené, test nabíjania v poriadku.";"111.86";"8029"
"1330";"2034";"3001";"ip14";"9030";"2024-07-03";"2024-07-05";"poškodený displej, nefunkčný dotyk";"Výmena displeja.";"Vymenený displej + lepka, test OK.";"265.86";"8030"
"1331";"2035";"3001";"ip14p";"9031";"2024-07-09";"2024-07-10";"zlý stav batérie, telefón sa vypína pri 25 %";"Výmena batérie.";"Batéria vymenená, lepenie obnovené, test nabíjania OK.";"83.86";"8031"
"1332";"2036";"3002";"sg22u";"9032";"2024-07-14";"2024-07-16";"prasknutý displej, artefakty v obraze";"Výmena displeja.";"Displej vymenený + lepka, test OK.";"265.86";"8032"
"1333";"2037";"3002";"ipd22";"9033";"2024-07-21";"2024-07-23";"tablet sa rýchlo vybíja";"Výmena batérie na iPad 2022.";"Batéria vymenená, lepka obnovená, test OK.";"111.86";"8033"
"1334";"2038";"3003";"mbp16";"9034";"2024-07-27";"2024-07-29";"MacBook Pro 16 s nízkou výdržou batérie";"Výmena batérie za originálnu.";"Batéria vymenená + lepka, test napájania v poriadku.";"265.86";"8034"
"1335";"2039";"3001";"ip13";"9035";"2024-08-03";"2024-08-05";"prasknuté sklo po páde";"Zákazník žiada výmenu displeja.";"Displej vymenený + lepenie, test OK.";"251.86";"8035"
"1336";"2040";"3001";"ip15pr";"9036";"2024-08-09";"2024-08-10";"novší iPhone s výrazne slabou výdržou";"Výmena batérie v iPhone 15 Pro.";"Batéria vymenená, lepka nalepená, test nabíjania OK.";"97.86";"8036"
"1337";"2041";"3002";"sg22p";"9037";"2024-08-14";"2024-08-16";"prasknutý displej, nefunkčný dotyk";"Schválená výmena displeja.";"Nový displej + lepka, test OK.";"251.86";"8037"
"1338";"2042";"3002";"sg23";"9038";"2024-08-21";"2024-08-22";"rozbitý panel po páde z vrecka";"Výmena displeja.";"Vymenený displej + lepenie, obraz a dotyk v poriadku.";"251.86";"8038"
"1339";"2043";"3003";"astuf";"9039";"2024-08-27";"2024-08-29";"notebook sa prehrieva pri hrách";"Prepastovanie a čistenie chladenia.";"Chladenie vyčistené, teploty po záťažovom teste nižšie.";"111.86";"8039"
"1340";"2044";"3001";"ip13pr";"9040";"2024-09-03";"2024-09-05";"prasknutý displej, dotyk nefunguje v rohu";"Výmena displeja iPhone 13 Pro.";"Displej vymenený, tesnenia obnovené, test OK.";"265.86";"8040"
"1341";"2045";"3001";"ip13";"9041";"2024-09-09";"2024-09-10";"batéria na konci životnosti";"Výmena batérie.";"Batéria vymenená, kalibrácia OK.";"83.86";"8041"
"1342";"2046";"3002";"sg22";"9042";"2024-09-14";"2024-09-16";"pruhy v obraze po náraze";"Výmena displeja.";"LCD Service Pack vymenený + lepka, obraz čistý.";"237.86";"8042"
"1343";"2047";"3002";"ipd20";"9043";"2024-09-21";"2024-09-23";"tablet s rozbitým sklom";"Výmena komplet LCD.";"Vymenený LCD modul + lepka, test OK.";"209.86";"8043"
"1344";"2048";"3003";"mba13m2";"9044";"2024-09-27";"2024-09-29";"výrazne slabá výdrž batérie";"Výmena batérie.";"Batéria vymenená + lepka, test cyklov OK.";"237.86";"8044"
"1345";"2049";"3001";"ip14";"9045";"2024-10-03";"2024-10-05";"poškodený displej po páde";"Výmena displeja.";"Displej vymenený + lepenie, test OK.";"265.86";"8045"
"1346";"2050";"3001";"ip14p";"9046";"2024-10-09";"2024-10-10";"slabá výdrž batérie";"Výmena batérie.";"Batéria vymenená, lepka obnovená, test v poriadku.";"83.86";"8046"
"1347";"2051";"3002";"sg22p";"9047";"2024-10-14";"2024-10-16";"vysoký počet cyklov, rýchle vybíjanie";"Výmena batérie.";"Batéria vymenená, nalepená nová lepka, test OK.";"83.86";"8047"
"1348";"2052";"3002";"sg23p";"9048";"2024-10-21";"2024-10-22";"slabá výdrž batérie";"Výmena batérie S23+.";"Batéria a lepka vymenené, test nabíjania v poriadku.";"83.86";"8048"
"1349";"2053";"3002";"ipmn6";"9049";"2024-10-27";"2024-10-29";"prasknutý displej iPad mini 6";"Výmena komplet LCD.";"LCD vymenený + lepka, test OK.";"265.86";"8049"
"1350";"2054";"3001";"ip13pm";"9050";"2024-11-03";"2024-11-05";"rozbitý displej po páde z výšky";"Výmena displeja.";"Displej vymenený, tesnenia obnovené, test bez závad.";"279.86";"8050"
"1351";"2055";"3001";"ip13";"9051";"2024-11-09";"2024-11-10";"slabá výdrž, batéria na 70 % health";"Výmena batérie.";"Batéria vymenená, lepka obnovená, kalibrácia OK.";"83.86";"8051"
"1352";"2056";"3002";"sg22u";"9052";"2024-11-14";"2024-11-16";"výrazne znížená kapacita batérie";"Výmena batérie S22 Ultra.";"Batéria vymenená, test nabíjania OK.";"97.86";"8052"
"1353";"2057";"3002";"sg23p";"9053";"2024-11-21";"2024-11-23";"poškodený displej po náraze";"Výmena displeja.";"Displej vymenený + lepka, obraz bez závad.";"265.86";"8053"
"1354";"2058";"3003";"mbp14";"9054";"2024-11-27";"2024-11-29";"MacBook Pro s nízkou výdržou batérie";"Výmena batérie.";"Batéria vymenená + lepka, test cyklov OK.";"251.86";"8054"
"1355";"2059";"3001";"ip14";"9055";"2024-12-03";"2024-12-05";"prasknutý displej po páde na zem";"Výmena displeja.";"Displej vymenený, lepenie obnovené, test OK.";"265.86";"8055"
"1356";"2060";"3001";"ip13pm";"9056";"2024-12-09";"2024-12-10";"slabá výdrž batérie";"Výmena batérie.";"Batéria vymenená + lepka, kalibrácia OK.";"83.86";"8056"
"1357";"2001";"3002";"sg23";"9057";"2024-12-14";"2024-12-16";"prasknutý displej, čiary v obraze";"Výmena displeja.";"Displej vymenený + lepka, test OK.";"251.86";"8057"
"1358";"2002";"3002";"sg23u";"9058";"2024-12-20";"2024-12-22";"slabá výdrž batérie";"Výmena batérie S23 Ultra.";"Batéria vymenená + lepka, test v poriadku.";"97.86";"8058"
"1359";"2003";"3003";"mbp16";"9059";"2024-12-27";"2024-12-29";"poškodený displej po páde notebooku";"Výmena LCD panela MacBook Pro 16.";"Displej vymenený, test obrazu a podsvietenia bez závad.";"531.86";"8059"
"1400";"2001";"3001";"ip15";"9200";"2023-01-05";"2023-01-07";"používaný, prasknutý displej, viditeľné škrabance";"Zákazník žiada výmenu displeja v kvalite FixPremium.";"Oprava vykonaná výmenou displeja. Test OK.";"159.00";"8200"
"1401";"2002";"3002";"ip14p";"9201";"2023-01-10";"2023-01-10";"používaný, slabá batéria, rýchlo sa vybíja";"Výmena batérie v kvalite ORIGINAL.";"Batéria úspešne vymenená. Test OK.";"79.00";"8201"
"1402";"2003";"3003";"sg23";"9202";"2023-01-12";"2023-01-14";"nefunkčné nabíjanie, port má vôľu";"Výmena nabíjacej PCB dosky.";"Oprava hotová, zariadenie nabíja správne.";"89.00";"8202"
"1403";"2001";"3001";"ip15pr";"9203";"2023-01-18";"2023-01-19";"používaný, prasknutý displej v rohu";"Zákazník žiada výmenu displeja soft-OLED.";"Displej vymenený, FaceID funguje.";"169.00";"8203"
"1404";"2002";"3002";"ip13";"9204";"2023-01-22";"2023-01-23";"používaný, veľmi slabá batéria";"Výmena batérie FIxPremium.";"Oprava úspešná, test OK.";"69.00";"8204"
"1405";"2003";"3003";"sg22u";"9205";"2023-02-04";"2023-02-05";"nefunkčný mikrofón, poškodený konektor";"Výmena PCB modulu.";"Mikrofón funguje, nabíjanie OK.";"99.00";"8205"
"1406";"2001";"3001";"ip14pr";"9206";"2023-02-08";"2023-02-08";"používaný, poškodené sklo displeja";"Výmena displeja FP.";"Úspešne opravené.";"159.00";"8206"
"1407";"2002";"3002";"ip15pm";"9207";"2023-02-11";"2023-02-13";"slabá batéria, zariadenie sa vypína";"Výmena batérie ORIGINAL.";"Batéria funguje správne.";"99.00";"8207"
"1408";"2003";"3003";"sg23u";"9208";"2023-02-17";"2023-02-18";"nefunkčné nabíjanie, port sa kýve";"Výmena PCB dosky ULTRA.";"Nabíjanie obnovené.";"109.00";"8208"
"1409";"2001";"3001";"ip15";"9209";"2023-02-23";"2023-02-24";"prasknutý displej po páde";"Výmena displeja Soft OLED.";"Hotovo, všetko funkčné.";"149.00";"8209"
"1410";"2002";"3002";"ip13pm";"9210";"2023-03-03";"2023-03-04";"používaný, slabá batéria";"Výmena batérie FP.";"Bateria funguje.";"69.00";"8210"
"1411";"2003";"3003";"sg22";"9211";"2023-03-06";"2023-03-07";"nefunkčné nabíjanie";"Výmena PCB modulu.";"Test OK.";"89.00";"8211"
"1412";"2001";"3001";"ip14pr";"9212";"2023-03-11";"2023-03-12";"prasknutý displej";"Výmena displeja FP.";"Opravené.";"169.00";"8212"
"1413";"2002";"3002";"ip15p";"9213";"2023-03-14";"2023-03-15";"slabá batéria";"Výmena batérie FP.";"Batéria drží.";"79.00";"8213"
"1414";"2003";"3003";"sg23";"9214";"2023-03-23";"2023-03-24";"nefunkčné nabíjanie";"Výmena PCB.";"OK.";"89.00";"8214"
"1415";"2001";"3001";"ip15";"9215";"2023-04-02";"2023-04-03";"používaný, rozbitý displej";"Výmena displeja.";"Všetko funkčné.";"159.00";"8215"
"1416";"2002";"3002";"ip14p";"9216";"2023-04-06";"2023-04-06";"slabá batéria";"Výmena batérie.";"OK.";"79.00";"8216"
"1417";"2003";"3003";"sg23u";"9217";"2023-04-09";"2023-04-10";"nenabíja";"Výmena PCB.";"OK.";"109.00";"8217"
"1418";"2001";"3001";"ip13";"9218";"2023-04-17";"2023-04-18";"prasknutý displej";"Výmena displeja.";"OK.";"139.00";"8218"
"1419";"2002";"3002";"ip15pm";"9219";"2023-04-22";"2023-04-24";"veľmi slabá batéria";"Výmena batérie.";"Hotovo.";"99.00";"8219"
"1420";"2003";"3003";"sg22";"9220";"2023-05-03";"2023-05-04";"nefunkčné nabíjanie, port uvoľnený";"Výmena nabíjacej PCB dosky.";"Oprava úspešná, nabíjanie funguje.";"89.00";"8220"
"1421";"2001";"3001";"ip14pr";"9221";"2023-05-06";"2023-05-07";"používaný, puknuté sklo displeja";"Zákazník žiada výmenu displeja.";"Displej vymenený, FaceID funkčné.";"169.00";"8221"
"1422";"2002";"3002";"ip15p";"9222";"2023-05-12";"2023-05-13";"slabá batéria, zariadenie sa rýchlo vybíja";"Výmena batérie FP.";"Výdrž batérie obnovená.";"79.00";"8222"
"1423";"2003";"3003";"sg23u";"9223";"2023-05-16";"2023-05-17";"nenabíja, zariadenie sa prehrieva";"Výmena PCB ULTRA modelu.";"Test bez závad.";"109.00";"8223"
"1424";"2001";"3001";"ip15";"9224";"2023-05-22";"2023-05-23";"prasknutý displej po páde";"Výmena displeja Soft OLED.";"Oprava úspešná.";"149.00";"8224"
"1425";"2002";"3002";"ip13pm";"9225";"2023-06-02";"2023-06-03";"používaný, slabá batéria";"Výmena batérie FP.";"OK.";"69.00";"8225"
"1426";"2003";"3003";"sg23";"9226";"2023-06-05";"2023-06-06";"nefunkčné nabíjanie";"Výmena PCB dosky.";"Nabíjanie obnovené.";"89.00";"8226"
"1427";"2001";"3001";"ip14pr";"9227";"2023-06-11";"2023-06-12";"poškodený displej po páde";"Výmena displeja.";"Všetko funkčné.";"169.00";"8227"
"1428";"2002";"3002";"ip15pm";"9228";"2023-06-16";"2023-06-17";"výrazne slabá batéria";"Výmena batérie ORIGINAL.";"Výdrž celkom obnovena.";"99.00";"8228"
"1429";"2003";"3003";"sg22u";"9229";"2023-06-22";"2023-06-23";"nenabíja, port je uvoľnený";"Výmena PCB.";"Funkčné.";"109.00";"8229"
"1430";"2001";"3001";"ip15";"9230";"2023-07-03";"2023-07-04";"používaný, prasknutý displej";"Výmena displeja.";"Test OK.";"159.00";"8230"
"1431";"2002";"3002";"ip14p";"9231";"2023-07-07";"2023-07-07";"slabá batéria";"Výmena batérie FP.";"Batéria funguje.";"79.00";"8231"
"1432";"2003";"3003";"sg23";"9232";"2023-07-13";"2023-07-14";"nefunkčné nabíjanie";"Výmena PCB modulu.";"Oprava úspešná.";"89.00";"8232"
"1433";"2001";"3001";"ip13";"9233";"2023-07-17";"2023-07-18";"prasknutý displej";"Výmena displeja.";"OK.";"139.00";"8233"
"1434";"2002";"3002";"ip15pm";"9234";"2023-07-22";"2023-07-23";"slabá batéria";"Výmena batérie.";"Úspešne.";"99.00";"8234"
"1435";"2003";"3003";"sg22";"9235";"2023-08-03";"2023-08-04";"nenabíja, port vypadáva";"Výmena PCB dosky.";"Funkčné.";"89.00";"8235"
"1436";"2001";"3001";"ip14pr";"9236";"2023-08-07";"2023-08-08";"puknutý displej";"Výmena displeja.";"Test úspešný.";"169.00";"8236"
"1437";"2002";"3002";"ip15p";"9237";"2023-08-10";"2023-08-11";"slabá batéria";"Výmena batérie.";"Všetko OK.";"79.00";"8237"
"1438";"2003";"3003";"sg23u";"9238";"2023-08-15";"2023-08-16";"nenabíja, prehriatie";"Výmena PCB ULTRA.";"V poriadku.";"109.00";"8238"
"1439";"2001";"3001";"ip15";"9239";"2023-08-22";"2023-08-23";"prasknutý displej";"Výmena displeja.";"Hotovo.";"149.00";"8239"
"1440";"2002";"3002";"ip13pm";"9240";"2023-09-03";"2023-09-04";"slabá batéria, zariadenie sa vypína";"Výmena batérie FP.";"Batéria drží.";"69.00";"8240"
"1441";"2003";"3003";"sg23";"9241";"2023-09-06";"2023-09-07";"nefunkčné nabíjanie";"Výmena PCB modulu.";"Oprava úspešná.";"89.00";"8241"
"1442";"2001";"3001";"ip14pr";"9242";"2023-09-09";"2023-09-10";"prasknuté sklo displeja";"Výmena displeja.";"Test OK.";"169.00";"8242"
"1443";"2002";"3002";"ip15p";"9243";"2023-09-15";"2023-09-16";"slabá batéria";"Výmena batérie.";"OK.";"79.00";"8243"
"1444";"2003";"3003";"sg22u";"9244";"2023-09-21";"2023-09-22";"nenabíja, port poškodený";"Výmena PCB.";"Nabíjanie funguje.";"109.00";"8244"
"1445";"2001";"3001";"ip15";"9245";"2023-10-02";"2023-10-03";"prasknutý displej po páde";"Výmena displeja Soft OLED.";"Hotovo.";"159.00";"8245"
"1446";"2002";"3002";"ip14p";"9246";"2023-10-07";"2023-10-07";"slabá batéria";"Výmena batérie FP.";"Batéria OK.";"79.00";"8246"
"1447";"2003";"3003";"sg23";"9247";"2023-10-11";"2023-10-12";"nefunkčné nabíjanie";"Výmena PCB.";"V poriadku.";"89.00";"8247"
"1448";"2001";"3001";"ip13";"9248";"2023-10-15";"2023-10-16";"puknutý displej";"Výmena displeja.";"Oprava hotová.";"139.00";"8248"
"1449";"2002";"3002";"ip15pm";"9249";"2023-10-21";"2023-10-22";"slabá batéria";"Výmena batérie.";"Hotovo.";"99.00";"8249"
"1450";"2003";"3003";"sg22";"9250";"2023-11-04";"2023-11-05";"nenabíja, port sa kýve";"Výmena PCB dosky.";"HOTOVÉ.";"89.00";"8250"
"1451";"2001";"3001";"ip14pr";"9251";"2023-11-08";"2023-11-09";"prasknutý displej";"Výmena displeja.";"OK.";"169.00";"8251"
"1452";"2002";"3002";"ip15p";"9252";"2023-11-13";"2023-11-14";"slabá batéria";"Výmena batérie.";"Výdrž obnovená.";"79.00";"8252"
"1453";"2003";"3003";"sg23u";"9253";"2023-11-19";"2023-11-20";"nenabíja, prehrieva sa";"Výmena PCB ULTRA.";"Funkčné.";"109.00";"8253"
"1454";"2001";"3001";"ip15";"9254";"2023-11-24";"2023-11-25";"prasknutý displej";"Výmena displeja.";"V poriadku.";"149.00";"8254"
"1455";"2002";"3002";"ip13pm";"9255";"2023-12-02";"2023-12-03";"slabá batéria";"Výmena batérie.";"OK.";"69.00";"8255"
"1456";"2003";"3003";"sg23";"9256";"2023-12-06";"2023-12-07";"nefunkčné nabíjanie";"Výmena PCB.";"Test OK.";"89.00";"8256"
"1457";"2001";"3001";"ip14p";"9257";"2023-12-10";"2023-12-11";"prasknutý displej";"Výmena displeja.";"Hotovo.";"159.00";"8257"
"1458";"2002";"3002";"ip15pm";"9258";"2023-12-15";"2023-12-16";"slabá batéria";"Výmena batérie.";"Hotovo.";"99.00";"8258"
"1459";"2003";"3003";"sg22u";"9259";"2023-12-21";"2023-12-22";"nenabíja, port poškodený";"Výmena PCB.";"OK.";"109.00";"8259"
"1460";"2001";"3001";"ip15";"9300";"2022-01-05";"2022-01-07";"používaný, prasknutý displej, škrabance po páde";"Zákazník žiada výmenu displeja v kvalite FixPremium.";"Displej vymenený, test kompletný a bez závad.";"139.00";"8300"
"1461";"2002";"3002";"ip14p";"9301";"2022-01-10";"2022-01-10";"slabá batéria, rýchle vybíjanie";"Výmena batérie ORIGINAL.";"Batéria úspešne vymenená.";"69.00";"8301"
"1462";"2003";"3003";"sg23";"9302";"2022-01-12";"2022-01-14";"nenabíja, port má vôľu";"Výmena nabíjacej PCB dosky.";"Nabíjanie funkčné.";"79.00";"8302"
"1463";"2001";"3001";"ip15pr";"9303";"2022-01-18";"2022-01-19";"puknutý displej v dolnej časti";"Výmena displeja SOFT OLED.";"FaceID funkčné, test OK.";"149.00";"8303"
"1464";"2002";"3002";"ip13";"9304";"2022-01-22";"2022-01-23";"veľmi slabá batéria";"Výmena batérie FP.";"Oprava hotová.";"59.00";"8304"
"1465";"2003";"3003";"sg22u";"9305";"2022-02-04";"2022-02-05";"poškodený konektor, mikrofón nefukčný";"Výmena PCB modulu.";"Test OK.";"89.00";"8305"
"1466";"2001";"3001";"ip14pr";"9306";"2022-02-08";"2022-02-08";"rozbitý displej";"Výmena displeja.";"Oprava úspešná.";"149.00";"8306"
"1467";"2002";"3002";"ip15pm";"9307";"2022-02-11";"2022-02-13";"slabá batéria, percentá skáču";"Výmena batérie ORIGINAL.";"Bateria stabilná.";"89.00";"8307"
"1468";"2003";"3003";"sg23u";"9308";"2022-02-17";"2022-02-18";"nenabíja, zahrievanie";"Výmena PCB ULTRA.";"Zariadenie funkčné.";"99.00";"8308"
"1469";"2001";"3001";"ip15";"9309";"2022-02-23";"2022-02-24";"prasknutý displej po páde";"Výmena displeja.";"Bez závad.";"139.00";"8309"
"1470";"2002";"3002";"ip13pm";"9310";"2022-03-03";"2022-03-04";"slabá batéria";"Výmena batérie FP.";"Test OK.";"59.00";"8310"
"1471";"2003";"3003";"sg22";"9311";"2022-03-06";"2022-03-07";"nenabíja, port vypadáva";"Výmena PCB.";"Opravené.";"79.00";"8311"
"1472";"2001";"3001";"ip14pr";"9312";"2022-03-11";"2022-03-12";"prasknutý displej";"Výmena displeja.";"Oprava úspešná.";"149.00";"8312"
"1473";"2002";"3002";"ip15p";"9313";"2022-03-14";"2022-03-15";"slabá batéria";"Výmena batérie.";"Hotovo.";"69.00";"8313"
"1474";"2003";"3003";"sg23";"9314";"2022-03-23";"2022-03-24";"nefunkčné nabíjanie";"Výmena PCB.";"Funkčné.";"79.00";"8314"
"1475";"2001";"3001";"ip15";"9315";"2022-04-02";"2022-04-03";"rozbitý displej";"Výmena displeja.";"Hotové.";"139.00";"8315"
"1476";"2002";"3002";"ip14p";"9316";"2022-04-06";"2022-04-06";"slabá batéria";"Výmena batérie.";"OK.";"69.00";"8316"
"1477";"2003";"3003";"sg23u";"9317";"2022-04-09";"2022-04-10";"nenabíja";"Výmena PCB.";"OK.";"99.00";"8317"
"1478";"2001";"3001";"ip13";"9318";"2022-04-17";"2022-04-18";"puknutý displej";"Výmena displeja.";"OK.";"129.00";"8318"
"1479";"2002";"3002";"ip15pm";"9319";"2022-04-22";"2022-04-24";"veľmi slabá batéria";"Výmena batérie.";"Test OK.";"89.00";"8319"
"1480";"2003";"3003";"sg22";"9320";"2022-05-03";"2022-05-04";"nenabíja, port uvoľnený";"Výmena nabíjacej PCB dosky.";"Oprava úspešná.";"79.00";"8320"
"1481";"2001";"3001";"ip14pr";"9321";"2022-05-06";"2022-05-07";"puknuté sklo displeja";"Výmena displeja.";"Displej vymenený, FaceID funkčné.";"149.00";"8321"
"1482";"2002";"3002";"ip15p";"9322";"2022-05-12";"2022-05-13";"slabá batéria";"Výmena batérie FP.";"Výdrž obnovená.";"69.00";"8322"
"1483";"2003";"3003";"sg23u";"9323";"2022-05-16";"2022-05-17";"nenabíja, prehrievanie";"Výmena PCB ULTRA.";"Test OK.";"99.00";"8323"
"1484";"2001";"3001";"ip15";"9324";"2022-05-22";"2022-05-23";"prasknutý displej po páde";"Výmena displeja Soft OLED.";"Funguje správne.";"129.00";"8324"
"1485";"2002";"3002";"ip13pm";"9325";"2022-06-02";"2022-06-03";"slabá batéria, náhodné vypínanie";"Výmena batérie FP.";"OK.";"59.00";"8325"
"1486";"2003";"3003";"sg23";"9326";"2022-06-05";"2022-06-06";"nefunkčné nabíjanie";"Výmena PCB dosky.";"Nabíjanie obnovené.";"79.00";"8326"
"1487";"2001";"3001";"ip14pr";"9327";"2022-06-11";"2022-06-12";"poškodený displej";"Výmena displeja.";"Všetko funkčné.";"149.00";"8327"
"1488";"2002";"3002";"ip15pm";"9328";"2022-06-16";"2022-06-17";"výrazne slabá batéria";"Výmena batérie ORIGINAL.";"Hotovo.";"89.00";"8328"
"1489";"2003";"3003";"sg22u";"9329";"2022-06-22";"2022-06-23";"nenabíja, port poškodený";"Výmena PCB.";"OK.";"99.00";"8329"
"1490";"2001";"3001";"ip15";"9330";"2022-07-03";"2022-07-04";"prasknutý displej";"Výmena displeja.";"Test OK.";"139.00";"8330"
"1491";"2002";"3002";"ip14p";"9331";"2022-07-07";"2022-07-07";"slabá batéria";"Výmena batérie.";"Batéria funguje.";"69.00";"8331"
"1492";"2003";"3003";"sg23";"9332";"2022-07-13";"2022-07-14";"nefunkčné nabíjanie";"Výmena PCB modulu.";"Oprava úspešná.";"79.00";"8332"
"1493";"2001";"3001";"ip13";"9333";"2022-07-17";"2022-07-18";"puknutý displej";"Výmena displeja.";"OK.";"119.00";"8333"
"1494";"2002";"3002";"ip15pm";"9334";"2022-07-22";"2022-07-23";"slabá batéria";"Výmena batérie.";"Úspešné.";"89.00";"8334"
"1495";"2003";"3003";"sg22";"9335";"2022-08-03";"2022-08-04";"nenabíja, port vypadáva";"Výmena PCB dosky.";"Funguje.";"79.00";"8335"
"1496";"2001";"3001";"ip14pr";"9336";"2022-08-07";"2022-08-08";"prasknutý displej";"Výmena displeja.";"Test OK.";"149.00";"8336"
"1497";"2002";"3002";"ip15p";"9337";"2022-08-10";"2022-08-11";"slabá batéria";"Výmena batérie.";"Hotovo.";"69.00";"8337"
"1498";"2003";"3003";"sg23u";"9338";"2022-08-15";"2022-08-16";"nenabíja, prehrieva sa";"Výmena PCB ULTRA.";"OK.";"99.00";"8338"
"1499";"2001";"3001";"ip15";"9339";"2022-08-22";"2022-08-23";"prasknutý displej po páde";"Výmena displeja.";"Hotovo.";"129.00";"8339"
"1500";"2002";"3002";"ip13pm";"9340";"2022-09-03";"2022-09-04";"slabá batéria";"Výmena batérie.";"Funguje.";"59.00";"8340"
"1501";"2003";"3003";"sg23";"9341";"2022-09-06";"2022-09-07";"nefunkčné nabíjanie";"Výmena PCB.";"OK.";"79.00";"8341"
"1502";"2001";"3001";"ip14pr";"9342";"2022-09-09";"2022-09-10";"prasknutý displej";"Výmena displeja.";"V poriadku.";"149.00";"8342"
"1503";"2002";"3002";"ip15p";"9343";"2022-09-15";"2022-09-16";"slabá batéria";"Výmena batérie.";"Obnovené.";"69.00";"8343"
"1504";"2003";"3003";"sg22u";"9344";"2022-09-21";"2022-09-22";"nenabíja, port poškodený";"Výmena PCB.";"OK.";"99.00";"8344"
"1505";"2001";"3001";"ip15";"9345";"2022-10-02";"2022-10-03";"prasknutý displej";"Výmena displeja.";"Hotovo.";"139.00";"8345"
"1506";"2002";"3002";"ip14p";"9346";"2022-10-07";"2022-10-07";"slabá batéria";"Výmena batérie.";"Funkčné.";"69.00";"8346"
"1507";"2003";"3003";"sg23";"9347";"2022-10-11";"2022-10-12";"nefunkčné nabíjanie";"Výmena PCB.";"OK.";"79.00";"8347"
"1508";"2001";"3001";"ip13";"9348";"2022-10-15";"2022-10-16";"prasknutý displej";"Výmena displeja.";"Test OK.";"119.00";"8348"
"1509";"2002";"3002";"ip15pm";"9349";"2022-10-21";"2022-10-22";"slabá batéria";"Výmena batérie.";"OK.";"89.00";"8349"
"1510";"2003";"3003";"sg22";"9350";"2022-11-04";"2022-11-05";"nenabíja, port sa kýve";"Výmena PCB dosky.";"Hotovo.";"79.00";"8350"
"1511";"2001";"3001";"ip14pr";"9351";"2022-11-08";"2022-11-09";"puknutý displej";"Výmena displeja.";"V poriadku.";"149.00";"8351"
"1512";"2002";"3002";"ip15p";"9352";"2022-11-13";"2022-11-14";"slabá batéria";"Výmena batérie.";"Funguje.";"69.00";"8352"
"1513";"2003";"3003";"sg23u";"9353";"2022-11-19";"2022-11-20";"nenabíja, prehrieva sa";"Výmena PCB ULTRA.";"OK.";"99.00";"8353"
"1514";"2001";"3001";"ip15";"9354";"2022-11-24";"2022-11-25";"prasknutý displej";"Výmena displeja.";"Úspešné.";"129.00";"8354"
"1515";"2002";"3002";"ip13pm";"9355";"2022-12-02";"2022-12-03";"slabá batéria";"Výmena batérie.";"OK.";"59.00";"8355"
"1516";"2003";"3003";"sg23";"9356";"2022-12-06";"2022-12-07";"nefunkčné nabíjanie";"Výmena PCB.";"Test OK.";"79.00";"8356"
"1517";"2001";"3001";"ip14p";"9357";"2022-12-10";"2022-12-11";"prasknutý displej";"Výmena displeja.";"Hotovo.";"139.00";"8357"
"1518";"2002";"3002";"ip15pm";"9358";"2022-12-15";"2022-12-16";"slabá batéria";"Výmena batérie.";"Hotovo.";"89.00";"8358"
"1519";"2003";"3003";"sg22u";"9359";"2022-12-21";"2022-12-22";"nenabíja, port poškodený";"Výmena PCB.";"OK.";"99.00";"8359"
"1520";"2001";"3001";"ip15";"9360";"2021-01-05";"2021-01-07";"používaný, prasknutý displej, viditeľné škrabance";"Zákazník žiada výmenu displeja FixPremium.";"Displej bol vymenený, test bez závad.";"129.00";"8360"
"1521";"2002";"3002";"ip14p";"9361";"2021-01-10";"2021-01-10";"slabá batéria, zariadenie sa rýchlo vybíja";"Výmena batérie ORIGINAL.";"Úspešne vymenené, všetko funkčné.";"59.00";"8361"
"1522";"2003";"3003";"sg23";"9362";"2021-01-12";"2021-01-14";"nenabíja, port má vôľu";"Výmena nabíjacej PCB dosky.";"Oprava vykonaná, nabíjanie funkčné.";"69.00";"8362"
"1523";"2001";"3001";"ip15pr";"9363";"2021-01-19";"2021-01-20";"displej prasknutý v rohu, dotyk občas vypadáva";"Výmena displeja Soft OLED.";"Displej vymenený, FaceID funkčné.";"139.00";"8363"
"1524";"2002";"3002";"ip13";"9364";"2021-01-23";"2021-01-24";"veľmi slabá batéria, telefón sa vypína pri 20 %";"Výmena batérie FP.";"Batéria funguje normálne.";"49.00";"8364"
"1525";"2003";"3003";"sg22u";"9365";"2021-02-04";"2021-02-05";"nefunkčný mikrofón, poškodený konektor nabíjania";"Výmena celého PCB modulu.";"Mikrofón aj nabíjanie fungujú správne.";"79.00";"8365"
"1526";"2001";"3001";"ip14pr";"9366";"2021-02-08";"2021-02-08";"rozbitý displej, fľaky na obraze";"Výmena displeja FixPremium.";"Displej vymenený, test OK.";"139.00";"8366"
"1527";"2002";"3002";"ip15pm";"9367";"2021-02-11";"2021-02-13";"slabá batéria, zariadenie sa náhle vypína";"Výmena batérie ORIGINAL.";"Po výmene drží nabitie správne.";"79.00";"8367"
"1528";"2003";"3003";"sg23u";"9368";"2021-02-18";"2021-02-19";"nenabíja, zariadenie sa prehrieva";"Výmena PCB dosky ULTRA modelu.";"Prehrievanie odstránené.";"89.00";"8368"
"1529";"2001";"3001";"ip15";"9369";"2021-02-24";"2021-02-25";"prasknutý displej po páde";"Výmena displeja Soft OLED.";"Oprava úspešná, všetko funkčné.";"129.00";"8369"
"1530";"2002";"3002";"ip13pm";"9370";"2021-03-03";"2021-03-04";"výrazne slabá batéria, náhodné vypínanie";"Výmena batérie FixPremium.";"Zariadenie funguje stabilne.";"49.00";"8370"
"1531";"2003";"3003";"sg22";"9371";"2021-03-06";"2021-03-07";"nenabíja, konektor sa hýbe";"Výmena nabíjacej PCB dosky.";"Nabíjanie plne funkčné.";"69.00";"8371"
"1532";"2001";"3001";"ip14pr";"9372";"2021-03-11";"2021-03-12";"rozbitý displej, čiastočne nefunkčný touch";"Výmena displeja Soft OLED.";"Touch reaguje správne.";"139.00";"8372"
"1533";"2002";"3002";"ip15p";"9373";"2021-03-14";"2021-03-15";"batéria vydrží len pár hodín";"Výmena batérie FP.";"Výdrž výrazne lepšia.";"59.00";"8373"
"1534";"2003";"3003";"sg23";"9374";"2021-03-23";"2021-03-24";"nefunkčné nabíjanie, zariadenie sa prehrieva pri pripojení";"Výmena nabíjacej PCB dosky.";"Po výmene sa nenahrieva.";"69.00";"8374"
"1535";"2001";"3001";"ip15";"9375";"2021-04-02";"2021-04-03";"prasknutý displej, horizontálne čiary na obraze";"Výmena displeja Soft OLED.";"Obraz aj dotyk plne funkčné.";"129.00";"8375"
"1536";"2002";"3002";"ip14p";"9376";"2021-04-06";"2021-04-06";"slabá batéria, rýchly pokles percent";"Výmena batérie ORIGINAL.";"Výdrž opäť normálna.";"59.00";"8376"
"1537";"2003";"3003";"sg23u";"9377";"2021-04-09";"2021-04-10";"nenabíja, zariadenie nereaguje na kábel";"Výmena nabíjacej PCB dosky – Ultra model.";"Po výmene nabíja bez problémov.";"89.00";"8377"
"1538";"2001";"3001";"ip13";"9378";"2021-04-17";"2021-04-18";"rozbitý displej, touch nefunguje v spodnej časti";"Výmena displeja FixPremium.";"Všetko funguje na 100 %.";"119.00";"8378"
"1539";"2002";"3002";"ip15pm";"9379";"2021-04-22";"2021-04-23";"slabá batéria, kapacita pod 70 %";"Výmena batérie ORIGINAL.";"Zákazník spokojný, zariadenie stabilné.";"79.00";"8379"
"1540";"2003";"3003";"sg22";"9380";"2021-05-03";"2021-05-04";"nenabíja, konektor má vôľu, občas vypadáva";"Výmena nabíjacej PCB dosky.";"Port drží pevne, nabíjanie stabilné.";"69.00";"8380"
"1541";"2001";"3001";"ip14pr";"9381";"2021-05-06";"2021-05-07";"prasknutý displej po páde, nefunguje horná časť dotyku";"Výmena displeja Soft OLED.";"Dotyk aj FaceID fungujú správne.";"129.00";"8381"
"1542";"2002";"3002";"ip15p";"9382";"2021-05-12";"2021-05-13";"výrazne slabá batéria, výdrž pár hodín";"Výmena batérie FixPremium.";"Výdrž obnovena.";"59.00";"8382"
"1543";"2003";"3003";"sg23u";"9383";"2021-05-16";"2021-05-17";"poškodený nabíjací modul, zariadenie sa prehrieva";"Výmena PCB modulu Ultra.";"Prehrievanie odstránené.";"89.00";"8383"
"1544";"2001";"3001";"ip15";"9384";"2021-05-22";"2021-05-23";"rozbitý displej, sklo úplne odlomené";"Výmena displeja Soft OLED.";"Oprava prebehla úspešne.";"129.00";"8384"
"1545";"2002";"3002";"ip13pm";"9385";"2021-06-02";"2021-06-03";"slabá batéria, rýchle vypínanie pri 15–20 %";"Výmena batérie FixPremium.";"Telefón sa už nevypína, batéria drží.";"49.00";"8385"
"1546";"2003";"3003";"sg23";"9386";"2021-06-05";"2021-06-06";"nenabíja, port má vôľu a občas stráca kontakt";"Výmena nabíjacej PCB dosky.";"Nabíjanie funguje stabilne.";"69.00";"8386"
"1547";"2001";"3001";"ip14pr";"9387";"2021-06-11";"2021-06-12";"prasknutý displej, touch reaguje len čiastočne";"Výmena displeja Soft OLED.";"Displej aj dotyk fungujú správne.";"129.00";"8387"
"1548";"2002";"3002";"ip15pm";"9388";"2021-06-17";"2021-06-18";"výrazne slabá batéria, kapacita veľmi nízka";"Výmena batérie ORIGINAL.";"Výdrž sa výrazne zlepšila.";"79.00";"8388"
"1549";"2003";"3003";"sg22u";"9389";"2021-06-22";"2021-06-23";"nefunkčné nabíjanie, zariadenie sa prehrieva v spodnej časti";"Výmena PCB dosky – Ultra model.";"Prehrievanie a problémy s portom odstránené.";"89.00";"8389"
"1550";"2001";"3001";"ip15";"9390";"2021-07-03";"2021-07-04";"prasknutý displej, poškodené sklo po náraze";"Výmena displeja Soft OLED.";"Telefón plne funkčný, obraz bez chýb.";"129.00";"8390"
"1551";"2002";"3002";"ip14p";"9391";"2021-07-07";"2021-07-07";"slabá batéria, neudrží nabitie počas dňa";"Výmena batérie ORIGINAL.";"Výdrž batérie sa výrazne zlepšila.";"59.00";"8391"
"1552";"2003";"3003";"sg23";"9392";"2021-07-13";"2021-07-14";"nenabíja, zariadenie občas deteguje kábel";"Výmena nabíjacej PCB dosky.";"Po výmene nabíja bez prerušenia.";"69.00";"8392"
"1553";"2001";"3001";"ip13";"9393";"2021-07-17";"2021-07-18";"rozbitý displej, nefunkčná dotyková vrstva";"Výmena displeja FixPremium.";"Dotyk aj obraz opäť plne funkčné.";"119.00";"8393"
"1554";"2002";"3002";"ip15pm";"9394";"2021-07-22";"2021-07-23";"slabá batéria, výrazný pokles kapacity pod 75 %";"Výmena batérie ORIGINAL.";"Batéria má stabilnú výdrž.";"79.00";"8394"
"1555";"2003";"3003";"sg22";"9395";"2021-08-03";"2021-08-04";"nenabíja, port sa kýve, zariadenie má prerušované nabíjanie";"Výmena nabíjacej PCB dosky.";"Po výmene nabíjanie stabilné.";"69.00";"8395"
"1556";"2001";"3001";"ip14pr";"9396";"2021-08-07";"2021-08-08";"prasknutý displej, čiastočne nefunkčná dotyková vrstva";"Výmena displeja Soft OLED.";"Zariadenie plne funkčné, dotyk reaguje správne.";"129.00";"8396"
"1557";"2002";"3002";"ip15p";"9397";"2021-08-10";"2021-08-11";"výrazne slabá batéria, rýchle vybíjanie";"Výmena batérie FixPremium.";"Výdrž batérie obnovená.";"59.00";"8397"
"1558";"2003";"3003";"sg23u";"9398";"2021-08-15";"2021-08-16";"nenabíja, silné prehrievanie počas záťaže";"Výmena nabíjacej PCB dosky – Ultra.";"Prehrievanie odstránené, nabíjanie funkčné.";"89.00";"8398"
"1559";"2001";"3001";"ip15";"9399";"2021-08-22";"2021-08-23";"rozbitý displej po páde, nefunkčný spodný touch";"Výmena displeja Soft OLED.";"Touch aj obraz opäť plne funkčné.";"129.00";"8399"
"1560";"2002";"3002";"ip13pm";"9400";"2021-09-03";"2021-09-04";"slabá batéria, zariadenie sa vypína pri 30 %";"Výmena batérie FixPremium.";"Po výmene funguje stabilne.";"49.00";"8400"
"1561";"2003";"3003";"sg23";"9401";"2021-09-06";"2021-09-07";"nenabíja, poškodený port, zariadenie prerušuje nabíjanie";"Výmena nabíjacej PCB dosky.";"Nabíja bez prerušení.";"69.00";"8401"
"1562";"2001";"3001";"ip14pr";"9402";"2021-09-10";"2021-09-11";"prasknutý displej, vertikálne čiary na obraze";"Výmena displeja Soft OLED.";"Obraz čistý, FaceID funkčné.";"129.00";"8402"
"1563";"2002";"3002";"ip15p";"9403";"2021-09-15";"2021-09-16";"výrazné prehrievanie, batéria rýchlo klesá";"Výmena batérie FP.";"Teploty aj výdrž sa stabilizovali.";"59.00";"8403"
"1564";"2003";"3003";"sg22u";"9404";"2021-09-21";"2021-09-22";"nenabíja, zariadenie nereaguje na pripojenie";"Výmena PCB modulu Ultra.";"Plne funkčné.";"89.00";"8404"
"1565";"2001";"3001";"ip15";"9405";"2021-10-02";"2021-10-03";"rozbitý displej, popraskané sklo po páde";"Výmena displeja Soft OLED.";"Displej funkčný, zariadenie otestované.";"129.00";"8405"
"1566";"2002";"3002";"ip14p";"9406";"2021-10-07";"2021-10-07";"slabá batéria – rýchly pokles percent aj pri nízkej záťaži";"Výmena batérie ORIGINAL.";"Výdrž batérie výrazne lepšia.";"59.00";"8406"
"1567";"2003";"3003";"sg23";"9407";"2021-10-11";"2021-10-12";"nefunkčné nabíjanie, port znečistený a poškodený";"Výmena nabíjacej PCB dosky.";"Po výmene nabíja bez problémov.";"69.00";"8407"
"1568";"2001";"3001";"ip13";"9408";"2021-10-15";"2021-10-16";"prasknutý displej, dotyk úplne nefunkčný v hornej časti";"Výmena displeja FixPremium.";"Telefón plne funkčný.";"119.00";"8408"
"1569";"2002";"3002";"ip15pm";"9409";"2021-10-21";"2021-10-22";"batéria nevydrží ani pol dňa, kapacita nízka";"Výmena batérie ORIGINAL.";"Výdrž batérie obnovena.";"79.00";"8409"
"1570";"2003";"3003";"sg22";"9410";"2021-11-04";"2021-11-05";"nenabíja, port má vôľu a často prerušuje nabíjanie";"Výmena nabíjacej PCB dosky.";"Po výmene nabíja stabilne.";"69.00";"8410"
"1571";"2001";"3001";"ip14pr";"9411";"2021-11-08";"2021-11-09";"prasknutý displej, touch reaguje len čiastočne";"Výmena displeja Soft OLED.";"Displej aj FaceID plne funkčné.";"129.00";"8411"
"1572";"2002";"3002";"ip15p";"9412";"2021-11-13";"2021-11-14";"výrazne slabá batéria, rýchle vybíjanie počas dňa";"Výmena batérie FixPremium.";"Výdrž batérie stabilná.";"59.00";"8412"
"1573";"2003";"3003";"sg23u";"9413";"2021-11-19";"2021-11-20";"zariadenie sa prehrieva a nenabíja správne";"Výmena PCB dosky – Ultra model.";"Po výmene bez prehrievania.";"89.00";"8413"
"1574";"2001";"3001";"ip15";"9414";"2021-11-24";"2021-11-25";"rozbitý displej, obraz blikanie pri zapnutí";"Výmena displeja Soft OLED.";"Blikanie odstránené, telefón funkčný.";"129.00";"8414"
"1575";"2002";"3002";"ip13pm";"9415";"2021-12-02";"2021-12-03";"slabá batéria, rýchle vybíjanie aj pri nízkej záťaži";"Výmena batérie FixPremium.";"Batéria drží normálne.";"49.00";"8415"
"1576";"2003";"3003";"sg23";"9416";"2021-12-06";"2021-12-07";"nefunkčné nabíjanie, konektor poškodeny a znečistený";"Výmena nabíjacej PCB dosky.";"Po oprave nabíja stabilne.";"69.00";"8416"
"1577";"2001";"3001";"ip14p";"9417";"2021-12-10";"2021-12-11";"prasknutý displej, touch nefunguje na krajoch";"Výmena displeja Soft OLED.";"Zariadenie funguje bez problémov.";"119.00";"8417"
"1578";"2002";"3002";"ip15pm";"9418";"2021-12-15";"2021-12-16";"veľmi slabá batéria, výrazný pokles kapacity";"Výmena batérie ORIGINAL.";"Výdrž batérie obnovená.";"79.00";"8418"
"1579";"2003";"3003";"sg22u";"9419";"2021-12-21";"2021-12-22";"nenabíja, zariadenie sa pri nabíjaní prehrieva";"Výmena PCB dosky – Ultra model.";"Nabíja bez prehrievania.";"89.00";"8419"
